Component,Category,DDoS Protection,Security,✅ COMPLETE,Cloudflare WAF,N/A,2025-07-31,Web Application Firewall protection
SSL/TLS Encryption,Security,✅ COMPLETE,Cloudflare SSL,N/A,2025-07-31,End-to-end encryption with HTTP/2
Global CDN Caching,Performance,✅ COMPLETE,Cloudflare Edge,N/A,2025-07-31,190+ edge locations worldwide
Container Deployment,DevOps,✅ COMPLETE,Docker + Heroku,N/A,2025-07-31,Multi-stage build with optimization
Environment Management,DevOps,✅ COMPLETE,Heroku Config Vars,N/A,2025-07-31,Secure configuration managements,Implementation,Production_URL,Last_Updated,Notes
Authentication System,Core Backend,✅ COMPLETE,app/core/auth.py,https://cape-control.com/api/v2/auth/login,2025-07-31,JWT with RBAC live in production
AI Performance Monitor,Core Backend,✅ COMPLETE,app/services/ai_performance_service.py,https://cape-control.com/api/v1/ai-performance/stats,2025-07-31,Real-time monitoring of 5 AI models
Error Tracking System,Core Backend,✅ COMPLETE,app/services/error_tracker.py,N/A,2025-07-31,Professional error classification active
Input Sanitization,Security Middleware,✅ COMPLETE,app/middleware/input_sanitization.py,N/A,2025-07-31,XSS/SQL injection prevention with CSP headers
Content Moderation,Security Middleware,✅ COMPLETE,app/middleware/content_moderation.py,N/A,2025-07-31,Advanced input filtering and threat detection
React Frontend,Frontend,✅ COMPLETE,client/src/,https://cape-control.com,2025-07-31,Modern PWA with Vite build system
PWA Manifest,Frontend,✅ COMPLETE,client/public/manifest.json,https://cape-control.com/manifest.json,2025-07-31,Progressive Web App configuration
Heroku Deployment,Infrastructure,✅ COMPLETE,Dockerfile,https://capecraft.herokuapp.com,2025-07-31,Production deployment v532
Cloudflare CDN,Infrastructure,✅ COMPLETE,cloudflare-workers/,https://cape-control.com,2025-07-31,Global edge network with DDoS protection
PostgreSQL Database,Infrastructure,✅ COMPLETE,Heroku Postgres,N/A,2025-07-31,Managed database service
Cape AI Service,AI/ML,✅ COMPLETE,app/services/cape_ai_service.py,https://cape-control.com/api/v1/cape-ai/status,2025-07-31,Storm tracking AI system
Weather Prediction,AI/ML,✅ COMPLETE,app/routes/weather.py,https://cape-control.com/api/v1/weather/current,2025-07-31,Weather data and prediction endpoints
Alert Management,Business Logic,✅ COMPLETE,app/services/alert_service.py,https://cape-control.com/api/v1/alerts/create,2025-07-31,Storm alert creation and management
Audit Logging,Monitoring,✅ COMPLETE,app/services/audit_service.py,https://cape-control.com/api/v1/audit/logs,2025-07-31,Comprehensive activity tracking
System Monitoring,Monitoring,✅ COMPLETE,app/services/monitoring_service.py,https://cape-control.com/api/v1/monitoring/metrics,2025-07-31,Real-time system metrics
Health Checks,System,✅ COMPLETE,app/main.py,https://cape-control.com/health,2025-07-31,System health verification endpoint
API Documentation,Documentation,✅ COMPLETE,OpenAPI Schema,https://cape-control.com/docs,2025-07-31,Interactive Swagger UI documentation
Security Headers,Security,✅ COMPLETE,app/middleware/input_sanitization.py,N/A,2025-07-31,CSP headers with S3 allowlist
DDoS Protection,Security,✅ COMPLETE,Cloudflare WAF,N/A,2025-01-30,Web Application Firewall protection
SSL/TLS Encryption,Security,✅ COMPLETE,Cloudflare SSL,N/A,2025-01-30,End-to-end encryption with HTTP/2
Global CDN Caching,Performance,✅ COMPLETE,Cloudflare Edge,N/A,2025-01-30,190+ edge locations worldwide
Container Deployment,DevOps,✅ COMPLETE,Docker + Heroku,N/A,2025-01-30,Multi-stage build with optimization
Environment Management,DevOps,✅ COMPLETE,Heroku Config Vars,N/A,2025-01-30,Secure configuration management
Performance Analytics,Analytics,✅ COMPLETE,AI Performance Service,https://cape-control.com/api/v1/ai-performance/summary,2025-07-31,Real-time performance tracking
Error Analytics,Analytics,✅ COMPLETE,Error Tracker Service,N/A,2025-07-31,Statistical error analysis and trending
Cache Busting,Frontend Build,✅ COMPLETE,scripts/cache-bust.cjs,N/A,2025-07-31,Automatic asset versioning
Tailwind CSS,Frontend Styling,✅ COMPLETE,client/tailwind.config.js,N/A,2025-07-31,Utility-first CSS framework
GitHub Actions CI/CD,DevOps,✅ COMPLETE,.github/workflows/,N/A,2025-07-31,Automated documentation deployment
Production Monitoring,Operations,✅ COMPLETE,Multiple Services,N/A,2025-07-31,24/7 system health monitoring
Uptime Verification,Operations,✅ COMPLETE,Heroku + Cloudflare,https://cape-control.com/health,2025-07-31,99.9% uptime achievement
